rank,uri,artist_names,track_name,source,peak_rank,previous_rank,days_on_chart,streams
1,"spotify:track:0bYg9bo50gSsH3LtXe2SQn","Mariah Carey","All I Want for Christmas Is You","Columbia",1,1,45,"6467590"
2,"spotify:track:2FRnf9qhLbvw8fu4IBXx78","Wham!","Last Christmas","Epic",2,2,38,"5122502"
3,"spotify:track:1hvpDAxZPKjKztOc72sv06","Band Aid","Do They Know It's Christmas? - 1984 Version","EMI",3,5,31,"3699892"
4,"spotify:track:3T7dNA7O8c3Axj5WyDNcH3","Brenda Lee","Rockin' Around The Christmas Tree","MCA Nashville",4,11,32,"3589792"
5,"spotify:track:7wGoVu4Dady5GV0Sv4UIsx","Post Malone, 21 Savage","rockstar (feat. 21 Savage)","Republic Records",1,4,102,"3552559"
6,"spotify:track:0lLdorYw7lVrJydTINhWdI","Michael Bublé","It's Beginning to Look a Lot like Christmas","Reprise",3,3,32,"3395172"
7,"spotify:track:5hslUAKq9I9CG2bAulFkHN","Andy Williams","It's the Most Wonderful Time of the Year","Columbia/Legacy",7,10,32,"3295423"
8,"spotify:track:3zJw3rugfpVrmBeDDnUYzy","John Lennon, Yoko Ono","Happy Xmas (War Is Over) - Remastered 2010","EMI Catalogue",7,7,27,"3065523"
9,"spotify:track:0ofbQMrRDsUaVKq2mGLEAb","Camila Cabello, Young Thug","Havana (feat. Young Thug)","Syco Music/Epic",2,9,144,"3002472"
10,"spotify:track:4so0Wek9Ig1p6CRCHuINwW","Bing Crosby, Ken Darby Singers, John Scott Trotter & His Orchestra","White Christmas","Geffen",10,13,27,"2991621"
11,"spotify:track:1cImYkHOQMFE7AZC9aOk4y","Bobby Helms","Jingle Bell Rock","Geffen",11,14,31,"2976331"
12,"spotify:track:7taXf5odg9xCAZERYfyOkS","José Feliciano","Feliz Navidad","RCA Records Label",12,17,26,"2677484"
13,"spotify:track:1ADjWm8QNhgNV8yCNNgQ1T","Ariana Grande","Santa Tell Me","Universal Records",6,6,31,"2648145"
14,"spotify:track:5UEnHoDYpsxlfzWLZIc7LD","Eminem, Ed Sheeran","River (feat. Ed Sheeran)","Aftermath",2,12,11,"2628534"
15,"spotify:track:7inXu0Eaeg02VsM8kHNvzM","Frank Sinatra, B. Swanson Quartet","Let It Snow! Let It Snow! Let It Snow! (with The B. Swanson Quartet)","Columbia/Legacy",15,15,30,"2598471"
16,"spotify:track:4gavOCQdZ2g86gkvi17FM7","Paul McCartney","Wonderful Christmastime - Edited Version / Remastered 2011","Paul McCartney Catalog",16,20,25,"2507675"
17,"spotify:track:5humEOJehpAwMJEJmb0JJ2","Nat King Cole","The Christmas Song (Merry Christmas To You)","Capitol Records",17,27,24,"2487515"
18,"spotify:track:3VTNVsTTu05dmTsVFrmGpK","The Pogues, Kirsty MacColl","Fairytale of New York (feat. Kirsty MacColl)","WM UK",18,24,25,"2407270"
19,"spotify:track:0ZoHHROTzwIYeNAHRPedTY","Chris Rea","Driving Home for Christmas","Rhino",8,8,25,"2359331"
20,"spotify:track:2ekn2ttSfGqwhhate0LSR0","Dua Lipa","New Rules","Warner Records",2,16,169,"2277339"
21,"spotify:track:3QiAAp20rPC3dcAtKtMaqQ","Elvis Presley","Blue Christmas","RCA Victor",21,36,22,"2246240"
22,"spotify:track:0tgVpDi06FyKpA1z0VMD4v","Ed Sheeran","Perfect","Atlantic Records UK",3,18,298,"2151232"
23,"spotify:track:65Q2mv3UlVi9eO70OpsmSe","Burl Ives","A Holly Jolly Christmas","Geffen",23,40,24,"2112964"
24,"spotify:track:32OWobmyAz8J2qA8iWekyS","Justin Bieber","Mistletoe","RBMG/Def Jam",19,19,32,"2084272"
25,"spotify:track:1zsG4eaZmkA1dvjDDsAGLK","Luis Fonsi, Demi Lovato","Échame La Culpa","UMLE - Latino",9,22,39,"2082945"
26,"spotify:track:7EmGUiUaOSGDnUUQUDrOXC","Selena Gomez, Marshmello","Wolves","Selena Gomez PS",3,21,62,"2080905"
27,"spotify:track:43ZyHQITOjhciSUUNPVRHc","Lil Pump","Gucci Gang","Warner Records",4,26,108,"2035927"
28,"spotify:track:6tjituizSxwSmBB5vtgHZE","Michael Bublé","Holly Jolly Christmas","Reprise",28,30,24,"1908723"
29,"spotify:track:4tHqQMWSqmL6YjXwsqthDI","Mykola Dmytrovych Leontovych, John Williams","Carol of the Bells","Masterworks",29,57,13,"1889151"
30,"spotify:track:1foCxQtxBweJtZmdxhEHVO","Eartha Kitt, Henri René and His Orchestra","Santa Baby (with Henri René & His Orchestra)","RCA Bluebird",30,51,14,"1880098"
31,"spotify:track:299lFlaAsNQdgbIZNPmIA0","Vince Guaraldi Trio","Christmas Time Is Here","Fantasy Records",31,78,9,"1842829"
32,"spotify:track:6mrKP2jyIQmM0rw6fQryjr","NF","Let You Down","NF Real Music",6,28,82,"1823987"
33,"spotify:track:2pnPe4pJtq7689i5ydzvJJ","Chuck Berry","Run Rudolph Run","Geffen*",33,71,5,"1819798"
34,"spotify:track:1bhUWB0zJMIKr9yVPrkEuI","Ed Sheeran, Beyoncé","Perfect Duet (Ed Sheeran & Beyoncé)","Atlantic Records UK",3,29,25,"1803003"
35,"spotify:track:3YQUpKTmtgPJf8u6ooi9KA","Elton John","Step Into Christmas","UMC (Universal Music Catalogue)",35,38,10,"1801578"
36,"spotify:track:7qiZfU4dY1lWllzX7mPBI3","Ed Sheeran","Shape of You","Atlantic Records UK",1,33,354,"1793678"
37,"spotify:track:1mXVgsBdtIVeCLJnSnmtdV","Sam Smith","Too Good At Goodbyes","Capitol",1,34,109,"1760464"
38,"spotify:track:7Hz6LLOVxrojLPIHJJ1S0E","Sam Smith","Have Yourself A Merry Little Christmas","Capitol",23,23,22,"1735260"
39,"spotify:track:3hBBKuWJfxlIlnd9QFoC8k","Maroon 5, SZA","What Lovers Do (feat. SZA)","Interscope Records*",4,32,118,"1729200"
40,"spotify:track:4lESS6vuruP6a79KWRaQou","Maluma, Nego do Borel","Corazón (feat. Nego do Borel)","Sony Music Latin",22,39,53,"1723701"
41,"spotify:track:5k38wzpLb15YgncyWdTZE4","G-Eazy, Halsey","Him & I (with Halsey)","BPG/RVG/RCA Records",9,31,25,"1701162"
42,"spotify:track:5VEuraNSVxMTzDTtrmL3lQ","Bing Crosby","Winter Wonderland - Remastered","Geffen",42,61,9,"1697895"
43,"spotify:track:2ISl1zekPsc26sUQpVt8UB","Shakin' Stevens","Merry Christmas Everyone","Sony Music CG",25,25,19,"1697038"
44,"spotify:track:6IeK3Ap5m3HabwJxgI6eSE","Perry Como, The Fontane Sisters, Mitchell Ayres & His Orchestra","It's Beginning to Look a Lot Like Christmas (with Mitchell Ayres & His Orchestra)","RCA Records Label",44,58,12,"1673742"
45,"spotify:track:4fzyvSu73BhGvi96p2zwjL","Coldplay","Christmas Lights","Parlophone UK",35,35,19,"1620590"
46,"spotify:track:6Za3190Sbw39BBC77WSS1C","Natti Natasha, Ozuna","Criminal","Pina Records",18,47,106,"1605527"
47,"spotify:track:5xlS0QkVrSH7ssEbBgBzbM","The Beach Boys","Little Saint Nick - 1991 Remix","Capitol Records",47,87,4,"1578832"
48,"spotify:track:3AlpkljBS1AU7HFVPms8K6","Sia","Santa's Coming for Us","Monkey Puzzle/Atlantic",37,37,17,"1566607"
49,"spotify:track:7vGuf3Y35N4wmASOKLUVVU","Marshmello, Khalid","Silence","Joytime Collective/RCA Records",7,41,137,"1559606"
50,"spotify:track:5hcisvFMidkMJlElTO9Qmw","Bad Bunny, Prince Royce, J Balvin, Mambo Kingz, DJ Luian","Sensualidad","Hear This Music",19,43,53,"1557985"
51,"spotify:track:75ZvA4QfFiZvzhj2xkaWAh","Post Malone","I Fall Apart","Universal Records",10,46,92,"1497891"
52,"spotify:track:3Ga6eKrUFf12ouh9Yw3v2D","Anitta, J Balvin","Downtown","WM Brazil",22,45,37,"1486156"
53,"spotify:track:3nAp4IvdMPPWEH9uuXFFV5","Kelly Clarkson","Underneath the Tree","RCA Records Label",50,50,10,"1449586"
54,"spotify:track:2gbCG4Rt9984UZ7Tc0dIFd","Michael Bublé, Shania Twain","White Christmas (with Shania Twain)","Reprise",44,44,11,"1411811"
55,"spotify:track:1j4kHkkpqZRBwE0A4CN4Yv","ZAYN, Sia","Dusk Till Dawn (feat. Sia) - Radio Edit","RCA Records Label",3,55,110,"1349290"
56,"spotify:track:5ASM6Qjiav2xPe7gRkQMsQ","The Ronettes","Sleigh Ride","Legacy Recordings",56,60,4,"1340172"
57,"spotify:track:6u0EAxf1OJTLS7CvInuNd7","Anitta, ZAAC, Maejor, Tropkillaz, DJ Yuri Martins","Vai malandra (feat. Tropkillaz & DJ Yuri Martins)","WM Brazil",18,48,8,"1339829"
58,"spotify:track:1m69ELEgE6k5ZWsap40ozt","Ozuna","Se Preparó","VP Records Corp/Dimelo Vi",26,59,126,"1315380"
59,"spotify:track:4qBejt9FeqLI9blHI1Nq1x","Michael Bublé, The Puppini Sisters","Jingle Bells (feat. The Puppini Sisters)","Reprise",59,62,5,"1308605"
60,"spotify:track:4eqne0oIdt9GW2ubiliny0","Judy Garland","Have Yourself A Merry Little Christmas","Geffen",60,111,3,"1269234"
61,"spotify:track:6a1hzBiTkgqTsDA0Xgfh9z","The Jackson 5","Santa Claus Is Coming To Town","UNI/MOTOWN",61,76,4,"1268067"
62,"spotify:track:2rb5MvYT7ZIxbKW5hfcHx8","J Balvin, Willy William","Mi Gente","UMLE - Latino",1,64,179,"1265501"
63,"spotify:track:7aiVBCp1ibIWE5GeHkbtxr","Britney Spears","My Only Wish (This Year)","Arista",42,42,10,"1225679"
64,"spotify:track:7GX5flRQZVHRAGd6B4TmDO","Lil Uzi Vert","XO Tour Llif3","Generation Now/Atlantic",9,65,276,"1222049"
65,"spotify:track:0tKcYR2II1VCQWT79i5NrW","Imagine Dragons","Thunder","Kid Ina Korner / Interscope",7,68,242,"1199047"
66,"spotify:track:7JNh1cfm0eXjqFVOzKLyau","Becky G, Bad Bunny","Mayores","Kemosabe Records/RCA Records/Sony Music Latin",30,72,152,"1197984"
67,"spotify:track:5Z3GHaZ6ec9bsiI5BenrbY","Khalid","Young Dumb & Broke","Right Hand Music Group, LLC/RCA Records",11,66,185,"1191333"
68,"spotify:track:2SBr3MK1sdMs8IxdRcN6qz","Kylie Minogue","Santa Baby","Parlophone UK",53,53,5,"1189497"
69,"spotify:track:4hXAK3mjFVFOOiJQ3rKAXi","Burl Ives","Rudolph The Red-Nosed Reindeer","Geffen",69,144,2,"1189002"
70,"spotify:track:6pVW5LRWgeLaHudxauOTJU","Daryl Hall & John Oates","Jingle Bell Rock - Daryl's Version","Legacy Recordings",49,49,5,"1177852"
71,"spotify:track:4QX5pZQpQTgVlkqfUTDim0","Dean Martin","Silver Bells","Legacy Recordings",71,136,2,"1174909"
72,"spotify:track:2nUJvBO87SkxCViQsLc9Zr","Big Shaq","Man's Not Hot","Universal-Island Records Ltd.",28,84,79,"1174241"
73,"spotify:track:5AEtlRudpgdT5FtNiuly6Y","Hailee Steinfeld, Alesso, Florida Georgia Line, WATT","Let Me Go (with Alesso, Florida Georgia Line & watt)","Universal Records",14,63,109,"1170494"
74,"spotify:track:42CeaId2XNlxugDvyqHfDf","Post Malone","Candy Paint","Republic Records",16,69,97,"1168710"
75,"spotify:track:2qqZ5fOGuNvYVzgPFDLQ4l","Boney M.","Mary's Boy Child / Oh My Lord","Sony Music Catalog",75,90,3,"1165004"
76,"spotify:track:32DGGj6KlNuBr6WaqRxpxi","Charlie Puth","How Long","Artist Partner",15,73,79,"1139522"
77,"spotify:track:6keKIzkXWdbwJWMBJQUwYl","Frank Sinatra","The First Noel - Remastered 1999","Capitol Records",77,131,2,"1133154"
78,"spotify:track:46pF1zFimM582ss1PrMy68","Darlene Love","Christmas (Baby Please Come Home)","Legacy Recordings",78,114,2,"1126698"
79,"spotify:track:6s2wpWPFPAgKg2LXxi1Oee","Bruce Springsteen","Santa Claus Is Comin' to Town - Live at C.W. Post College, Greenvale, NY - December 1975","NITRON concepts",79,86,3,"1126000"
80,"spotify:track:3a1lNhkSLSkpJE4MSHpDu9","Post Malone, Quavo","Congratulations","Universal Records",20,75,336,"1123782"
81,"spotify:track:6De0lHrwBfPfrhorm9q1Xl","Danny Ocean","Me Rehúso","Atlantic Records",18,81,312,"1123095"
82,"spotify:track:3eLWJ29j2FGM91T7aGlHHW","Nat King Cole","Joy To The World","CAPITOL CATALOG MKT (C92)",82,125,2,"1120234"
83,"spotify:track:33bnxcjePIkcmNjEFTJX0l","Piso 21, Manuel Turizo","Déjala Que Vuelva (feat. Manuel Turizo)","WM Mexico",54,80,52,"1117448"
84,"spotify:track:5Ber68jZ7ytegr2UISEdb7","Michael Bublé","Santa Claus Is Coming to Town","Reprise",67,67,4,"1116835"
85,"spotify:track:550rQQCGkrTzvp4SfpOPzx","Pentatonix","Hallelujah","RCA Records Label",52,52,18,"1103946"
86,"spotify:track:2DQ1ITjI0YoLFzuADN1ZBW","G-Eazy, A$AP Rocky, Cardi B","No Limit","BPG/RVG/RCA Records",22,70,87,"1095962"
87,"spotify:track:7faDzZnZYqTyYThx2sbHVQ","Frank Sinatra","Mistletoe And Holly - Remastered 1999","Capitol Records",87,137,2,"1094127"
88,"spotify:track:0Ie5uiv54KgCr7P4sYDTHl","Idina Menzel, Michael Bublé","Baby It's Cold Outside (with Michael Bublé)","Warner Records",88,89,3,"1092607"
89,"spotify:track:4FPrAERfkPKOBKrRoyuxLu","Michael Bublé","Cold December Night","Reprise",88,88,4,"1075338"
90,"spotify:track:4EZUcj7c8n9pWIwHqN0DoH","Bing Crosby","Do You Hear What I Hear? - Remastered 2006","Capitol Records",90,140,2,"1074534"
91,"spotify:track:25leEEaz1gIpp7o21Fqyjo","Gene Autry","Here Comes Santa Claus (Right Down Santa Claus Lane) - 1947 Version","Columbia/Legacy",91,117,2,"1063736"
92,"spotify:track:2xmrfQpmS2iJExTlklLoAL","Clean Bandit, Julia Michaels","I Miss You (feat. Julia Michaels)","Atlantic Records UK",20,83,60,"1062357"
93,"spotify:track:597IVBYr60vm0HKjgOnztJ","Carpenters","Sleigh Ride","A&M",93,181,2,"1046060"
94,"spotify:track:0xPaZrF25ltzvz1a2Pm5DQ","Michael Bublé","All I Want for Christmas Is You","Reprise",94,95,3,"1044609"
95,"spotify:track:78pn8k7RogKo2oxl0DyX6d","Leona Lewis","One More Sleep","Syco Music",95,103,3,"1039082"
96,"spotify:track:2fQrGHiQOvpL9UgPvtYy6G","21 Savage","Bank Account","Slaughter Gang, LLC/Epic Records",21,93,172,"1033045"
97,"spotify:track:75FDPwaULRdYDn4StFN2rT","Cardi B, 21 Savage","Bartier Cardi (feat. 21 Savage)","KSR/Atlantic",57,79,4,"1031904"
98,"spotify:track:5tz69p7tJuGPeMGwNTxYuV","Logic, Alessia Cara, Khalid","1-800-273-8255","Def Jam Recordings",3,91,242,"1030667"
99,"spotify:track:7sO5G9EABYOXQKNPNiE9NR","Offset, Metro Boomin","Ric Flair Drip (with Metro Boomin)","Slaughter Gang, LLC/Epic/Quality Control Music/Motown/Capitol/Boominati Worldwide/Republic",29,85,56,"1022763"
100,"spotify:track:7iDa6hUg2VgEL1o1HjmfBn","Bebe Rexha, Florida Georgia Line","Meant to Be (feat. Florida Georgia Line)","Warner Records",25,92,103,"1009323"
101,"spotify:track:6UrKVLhzBYZY6fXmNyCLDi","Bing Crosby, The Andrews Sisters","Mele Kalikimaka - Single Version","Geffen",101,183,2,"1001391"
102,"spotify:track:70lnL3QaSOIIyMa2X9aVRL","Shakira, Nicky Jam","Perro Fiel (feat. Nicky Jam)","Sony Music Latin",40,94,81,"999418"
103,"spotify:track:5lyikKk6KFWfWCuDDir9Fx","Miley Cyrus","Rockin' Around The Christmas Tree","RCA Records Label",82,82,3,"998504"
104,"spotify:track:1mH6tZC6iXIHPI6EixCwxw","Wizzard","I Wish It Could Be Christmas Everyday","Parlophone UK",104,123,2,"960314"
105,"spotify:track:5wTM2Bm8phDwHAuOsfBwhU","Pretenders","2000 Miles - 2007 Remaster","Rhino/Warner Records",105,139,2,"953064"
106,"spotify:track:7KXjTSCq5nL1LoYtL7XAwS","Kendrick Lamar","HUMBLE.","Aftermath",1,96,270,"947767"
107,"spotify:track:15coTBAzEN1bOeipoNDZAR","*NSYNC","Merry Christmas, Happy Holidays","RCA Records Label",74,74,3,"943136"
108,"spotify:track:1hy6kKvsPbv7VTcllCuATC","Meghan Trainor","I'll Be Home","Epic",54,54,6,"942889"
109,"spotify:track:3B54sVLJ402zGa6Xm4YGNe","French Montana, Swae Lee","Unforgettable","Bad Boy Entertainment/Epic Records",3,97,261,"940757"
110,"spotify:track:4MrfQL4TYQXJBlZYpAHTuE","Dean Martin","Baby, It's Cold Outside","Capitol Records",110,171,2,"939882"
111,"spotify:track:1QXg7pVx5hpAZWw8KIAcGw","Carpenters","Merry Christmas Darling - Remix","A&M",111,175,2,"939399"
112,"spotify:track:6Tof6kPUc2a17GKaKz4IXz","Thurl Ravenscroft","You're A Mean One, Mr. Grinch - From Dr. Seuss' 'How The Grinch Stole Christmas'","Sony Classical",112,-1,1,"936860"
113,"spotify:track:7ofxPmTNMj2GP07g1VZa0O","Alex Sensation, Ozuna","Que Va","JP Entertainment (Jorge Pino)",47,99,122,"932443"
114,"spotify:track:3iwZ8hg0q1kTBB5kjg0nO4","Slade","Merry Xmas Everybody","BMG Rights Management (UK) Ltd",106,106,2,"928668"
115,"spotify:track:2zHu4GAsQIw2skGszWEMFY","Bing Crosby","The Little Drummer Boy - Remastered 2006","Capitol Records",115,198,2,"921246"
116,"spotify:track:5CtI0qwDJkDQGwXD1H1cLb","Luis Fonsi, Daddy Yankee, Justin Bieber","Despacito - Remix","UMLE - Latino",1,109,253,"919267"
117,"spotify:track:095XSaT8I2uI6Uldj2QrSl","Jona Lewie","Stop The Cavalry","Stiff Records",117,138,2,"910681"
118,"spotify:track:3WrG9BpOPQWUus3FjA1Tny","Destiny's Child","8 Days of Christmas","Columbia",116,116,2,"907992"
119,"spotify:track:05X6aMCQR09E6smUmw9qms","Queen","Thank God It's Christmas - Non-Album Single","EMI",56,56,3,"901345"
120,"spotify:track:6QgjcU0zLnzq5OrUoSZ3OK","Portugal. The Man","Feel It Still","Atlantic Records",17,101,167,"890724"
121,"spotify:track:0qYTZCo5Bwh1nsUFGZP3zn","Maluma","Felices los 4","Sony Music Latin",16,115,249,"890591"
122,"spotify:track:1DnSNqCQM3LUxqFuXt184Q","Michael Bublé","Have Yourself a Merry Little Christmas","Reprise",119,119,2,"890161"
123,"spotify:track:0Zbbxnx4SGGHoIow4PpISP","Kygo, Justin Jesso","Stargazing","Kygo",15,108,95,"886346"
124,"spotify:track:66WPXyhXqMlkM1kZhyEXWK","Michael Bublé","Christmas (Baby Please Come Home)","Reprise",100,100,2,"881738"
125,"spotify:track:3VClLWqNn80Llv0PJOsKgr","Nacho, Yandel, Bad Bunny, Mambo Kingz, DJ Luian","Báilame - Remix","UMLE - Latino",52,105,132,"873713"
126,"spotify:track:4iLqG9SeJSnt0cSPICSjxv","Charlie Puth","Attention","Artist Partner",5,107,249,"873107"
127,"spotify:track:3whrwq4DtvucphBPUogRuJ","Camila Cabello, Daddy Yankee","Havana - Remix","Syco Music/Epic",50,113,41,"844662"
128,"spotify:track:2qoZNAP3JLyIOtbsPtBjvV","Stevie Wonder","What Christmas Means To Me","UNI/MOTOWN",128,141,2,"840196"
129,"spotify:track:6RUKPb4LETWmmr3iAEQktW","The Chainsmokers, Coldplay","Something Just Like This","Disruptor Records/Columbia",2,120,306,"838664"
130,"spotify:track:1YZfcVLbbJwfizR5cDOp3q","Migos, Nicki Minaj, Cardi B","MotorSport","Quality Control Music, LLC",30,110,60,"836450"
131,"spotify:track:7EI6Iki24tBHAMxtb4xQN2","Rita Ora","Anywhere","Rita Sahatciu Ora",42,124,65,"832355"
132,"spotify:track:0CcQNd8CINkwQfe1RDtGV6","Imagine Dragons","Believer","Kid Ina Korner / Interscope",15,132,327,"812911"
133,"spotify:track:5TysCiZtv1HnSWcTcUFusI","Joey Montana, Sebastian Yatra","Suena El Dembow","UMLE - Latino",59,121,103,"811619"
134,"spotify:track:0OlnLZY4cmQzT6ZGttvWBM","Martin Garrix, David Guetta, Jamie Scott, Romy Dya","So Far Away (feat. Jamie Scott & Romy Dya)","Epic Amsterdam",52,130,25,"808479"
135,"spotify:track:3m660poUr1chesgkkjQM7P","Demi Lovato","Sorry Not Sorry","Island Records",7,118,168,"807610"
136,"spotify:track:1KSqYYJFyfTecXFk9M0prc","Wisin, Ozuna","Escápate Conmigo (feat. Ozuna)","Sony Music Latin",36,127,266,"803828"
137,"spotify:track:0JcNysfWVWaMS7R6vzGB2k","Carlos Vives, Sebastian Yatra","Robarte un Beso","Sony Music Latin",61,134,143,"802995"
138,"spotify:track:5ymVfeMK8cDew5vzntTuc7","Andy Williams","Sleigh Ride","Columbia/Legacy",138,-1,1,"799875"
139,"spotify:track:4aWmUDTfIPGksMNLV2rQP2","Luis Fonsi, Daddy Yankee","Despacito","UMLE - Latino",3,153,346,"797754"
140,"spotify:track:0i7lZhEMEheehKyCtBJIIL","Carpenters","Silent Night","A&M",140,-1,1,"797142"
141,"spotify:track:56dllQaFZBw3SPTiKZvqYH","Kay Starr","The Man with the Bag","Universal Digital Enterprises",141,-1,1,"793957"
142,"spotify:track:6VpQdig9pdpTSIFItgkJV5","Camila Cabello","Never Be the Same","Syco Music/Epic",38,122,19,"791939"
143,"spotify:track:4FQJyi8gnbhKy623wNx6Ps","Nat King Cole Trio","All I Want For Christmas (Is My Two Front Teeth)","Capitol Records",143,-1,1,"779360"
144,"spotify:track:6C81GGUCNbEmR8gMIi0CpH","Gwen Stefani, Blake Shelton","You Make It Feel Like Christmas (feat. Blake Shelton)","UMGRI Interscope",77,77,3,"772903"
145,"spotify:track:7m9OqQk4RVRkw9JJdeAw96","XXXTENTACION","Jocelyn Flores","Bad Vibes Forever / EMPIRE",15,149,123,"767306"
146,"spotify:track:2uFaJJtFpPDc5Pa95XzTvg","Dean Martin","Let It Snow! Let It Snow! Let It Snow!","Capitol Records",112,112,2,"766341"
147,"spotify:track:693iqPOQvhI7PobtR8CC8v","J Balvin, Jowell & Randy","Bonita","Rimas (J Balvin - Jowell & Randy)",37,145,201,"765581"
148,"spotify:track:1wjzFQodRWrPcQ0AnYnvQ9","Lauv","I Like Me Better","Lauv",24,147,204,"765520"
149,"spotify:track:2771LMNxwf62FTAdpJMQfM","Cardi B","Bodak Yellow","KSR/Atlantic",15,128,150,"764841"
150,"spotify:track:4zWO4gvuFtw6EJZC5FFGlr","MC Fioti, Future, J Balvin, Stefflon Don, Juan Magán","Bum Bum Tam Tam","Universal-Island Records Ltd.",115,135,10,"763747"
151,"spotify:track:4ricyQVd20UQde1jpXCSuJ","Tony Bennett","Winter Wonderland","Columbia/Legacy",129,129,2,"749499"
152,"spotify:track:0OI7AFifLSoGzpb8bdBLLV","Machine Gun Kelly, X Ambassadors, Bebe Rexha","Home (with Machine Gun Kelly, X Ambassadors & Bebe Rexha)","Atlantic Records",63,142,34,"748653"
153,"spotify:track:2OALaHcDdKkjYEpAr0Qzab","Avicii, Rita Ora","Lonely Together (feat. Rita Ora)","Universal Music AB",19,146,137,"745198"
154,"spotify:track:4RppWtszgz5gPVOKUQazCH","Bing Crosby","I'll Be Home For Christmas - Single Version","Geffen",154,-1,1,"738342"
155,"spotify:track:3ncgNpxLoBQ65ABk4djDyd","Famous Dex, A$AP Rocky","PICK IT UP (feat. A$AP Rocky)","300 Entertainment",54,143,45,"731652"
156,"spotify:track:4LUAIXN6bpnEVaJZOLfuDt","Perry Como","Here We Come a-Caroling / We Wish You a Merry Christmas","RCA Records Label",156,-1,1,"727831"
157,"spotify:track:4WN9xLkAeINLPLaoeZ9ZW9","Nat King Cole","The Happiest Christmas Tree","CAPITOL CATALOG MKT (C92)",157,-1,1,"726518"
158,"spotify:track:29UQV9kjexf0TJAR0UElID","Sam Smith","River - Recorded At RAK Studios, London","Capitol",126,126,2,"726028"
159,"spotify:track:5yFSF6qQA1rcLsQRnBsZgb","Alan Walker, Noah Cyrus, Digital Farm Animals, Juliander","All Falls Down (feat. Juliander)","MER Recordings",52,173,60,"724162"
160,"spotify:track:7nZmah2llfvLDiUjm0kiyz","Justin Bieber, BloodPop®","Friends (with BloodPop®)","BloodPop/DJ/RMBG/Republic",2,152,131,"721061"
161,"spotify:track:6DwnAl6l63e83dDgIzY8P4","Michael Bublé","Santa Baby","Reprise",159,159,2,"719188"
162,"spotify:track:4HEOgBHRCExyYVeTyrXsnL","Frank Sinatra","Jingle Bells - Remastered 1999","Capitol Records",148,148,2,"715546"
163,"spotify:track:6ScCr1C4VIFzulq8bP65mj","Bing Crosby","What Child Is This/The Holly And The Ivy - Medley / Remastered 2006","Capitol Records",163,-1,1,"709405"
164,"spotify:track:2z4pcBLQXF2BXKFvd0BuB6","Jason Derulo, French Montana","Tip Toe (feat. French Montana)","Beluga Heights/Warner Records",55,150,46,"708359"
165,"spotify:track:79cuOz3SPQTuFrp8WgftAu","Shawn Mendes","There's Nothing Holdin' Me Back","Island Records",5,162,250,"697423"
166,"spotify:track:4dVpf9jZjcORqGTLUaeYj9","A$AP Ferg","Plain Jane","RCA Records Label",33,155,99,"692392"
167,"spotify:track:0leIhGny91OrU4mjcshsjI","Mud","Lonely This Christmas","Parlophone UK",167,-1,1,"690257"
168,"spotify:track:0lJCqIx5BhZtf6QtYI2fbv","Daddy Yankee, Bad Bunny","Vuelve","El Cartel Records (EC3)",66,154,84,"689238"
169,"spotify:track:2VsCE6ui7N4IRzGIGT7Di8","Tony Bennett","O Christmas Tree","RPM Records/Columbia",169,-1,1,"683905"
170,"spotify:track:71bBFbfn2OBK5QwUJSLS44","Axwell /\ Ingrosso","More Than You Know","EMI",14,166,212,"682303"
171,"spotify:track:5D30yNI3b0HAuaBWAGOImI","Perry Como","Medley: Caroling, Caroling / The First Noel / Hark! The Herald Angels Sing / Silent Night","RCA Records Label",171,-1,1,"682284"
172,"spotify:track:5TmZYdHW6HJ9gt7Aokuql5","Sebastian Yatra, Dalmata","SUTRA","UMLE - Latino",96,163,59,"678260"
173,"spotify:track:1uPEDUtTJZOkj7CjGDtZGv","Bing Crosby","God Rest Ye Merry Gentlemen","Geffen",173,-1,1,"676979"
174,"spotify:track:6NWl2m8asvH83xjuXVNsuG","Lil Xan","Betrayed","Columbia",52,172,52,"675503"
175,"spotify:track:0afhq8XCExXpqazXczTSve","Ed Sheeran","Galway Girl","Atlantic Records UK",2,182,298,"674032"
176,"spotify:track:0ERbK7qVqveCaBWIiYCrl3","Romeo Santos, Daddy Yankee, Nicky Jam","Bella y Sensual","Sony Music Latin",95,161,151,"673594"
177,"spotify:track:1BB9hv4471pPlNqOAnDglV","Lou Monte","Dominick the Donkey (The Italian Christmas Donkey)","Warner Music Group - X5 Music Group",177,-1,1,"667717"
178,"spotify:track:7MHN1aCFtLXjownGhvEQlF","Manuel Turizo","Una Lady Como Tú","Sony Music Latin/La Industria",38,177,205,"664250"
179,"spotify:track:59g1IKRYrCBsYLdd0WhKus","Bing Crosby","Hark! The Herald Angels Sing/It Came Upon A Midnight Clear - Medley / Remastered 2006","Capitol Records",179,-1,1,"662336"
180,"spotify:track:4Zo33RKIwOIiVsZZtXsKU4","Bing Crosby, The Andrews Sisters","Twelve Days Of Christmas","Geffen",180,-1,1,"657489"
181,"spotify:track:6PGoSes0D9eUDeeAafB2As","Kendrick Lamar, Zacari","LOVE. FEAT. ZACARI.","Aftermath",15,170,256,"657324"
182,"spotify:track:70f0ToGXTEtLKFSwHMbHoC","Aaron Neville","Please Come Home For Christmas","A&M",102,102,2,"652780"
183,"spotify:track:4DTpngLjoHj5gFxEZFeD3J","Kodak Black, Lil Wayne","Codeine Dreaming (feat. Lil Wayne)","Atlantic Records",88,169,29,"652247"
184,"spotify:track:5uCax9HTNlzGybIStD3vDh","James Arthur","Say You Won't Let Go","Columbia",7,178,359,"649908"
185,"spotify:track:2nWeF8M4XwOdIEUK8q1kTj","Nat King Cole","O Tannenbaum","CAPITOL CATALOG MKT (C92)",185,-1,1,"647250"
186,"spotify:track:3E6Ydoy1H8ePoigc10Mgsa","Sia","Snowman","Monkey Puzzle/Atlantic",133,133,3,"645446"
187,"spotify:track:6Ai7PiAjnb4eIiC05By0i4","Elvis Presley","O Little Town of Bethlehem","RCA Victor",187,-1,1,"642285"
188,"spotify:track:1yxgsra98r3qAtxqiGZPiX","Travis Scott","BUTTERFLY EFFECT","Cactus Jack / Epic / Grand Hustle",37,184,220,"639605"
189,"spotify:track:3DXncPQOG4VBw3QHh3S817","DJ Khaled, Justin Bieber, Quavo, Chance the Rapper, Lil Wayne","I'm the One (feat. Justin Bieber, Quavo, Chance the Rapper & Lil Wayne)","Epic/We The Best",2,179,242,"638566"
190,"spotify:track:4DV9KToOaC0khx2MqOZstE","Peggy Lee","The Christmas Waltz","Capitol Records",190,-1,1,"631324"
191,"spotify:track:6gBFPUFcJLzWGx4lenP6h2","Travis Scott","goosebumps","Epic/Grand Hustle",56,189,358,"630788"
192,"spotify:track:7Ed6BkggCS2KaKY5YlINaF","BTS, Desiigner, Steve Aoki","MIC Drop (feat. Desiigner) [Steve Aoki Remix]","BIGHIT MUSIC",75,188,32,"626506"
193,"spotify:track:0KKkJNfGyhkQ5aFogxQAPU","Bruno Mars","That's What I Like","Atlantic Records",5,187,359,"624738"
194,"spotify:track:0CokSRCu5hZgPxcZBaEzVE","Macklemore, Skylar Grey","Glorious (feat. Skylar Grey)","Bendo LLC",13,185,173,"624002"
195,"spotify:track:2345kZ5rt8eHjO8CFpx3Yi","The Platters","Christmas Time","Island Mercury",195,-1,1,"621506"
196,"spotify:track:5WoaF1B5XIEnWfmb5NZikf","Miguel, Travis Scott","Sky Walker (feat. Travis Scott)","ByStorm Entertainment/RCA Records",84,174,41,"621486"
197,"spotify:track:0tXPhc8LvM4dPvoRwI66XQ","Michael Bublé","I'll Be Home for Christmas","Reprise",194,194,2,"621484"
198,"spotify:track:152lZdxL1OR0ZMW6KquMif","Khalid","Location","Right Hand Music Group, LLC/RCA Records",32,191,325,"615509"
199,"spotify:track:6EpRaXYhGOB3fj4V2uDkMJ","Liam Payne, Quavo","Strip That Down (feat. Quavo)","Capitol",8,192,221,"612564"
200,"spotify:track:1XRgIKC5TPwo7nWGyKqgG0","Gucci Mane, Migos","I Get the Bag (feat. Migos)","Guwop Enterprises/Atlantic",42,186,129,"612157"
